Volume 1	1894	1952	1955	1956	1960	1961	 
Volume 1A	1953	1954	1956	1958	1961	 
Volume 2  1890	1894	1952	1954	1955	1957	1958	1960	1961	 
Volume 3	1894	1948	1955	1957	1958	1960	1961	 
Volume 4	1900	1906	1922	1952	1953	1954	1955	1956	1960	 
Volume 5	1906	1922	1953	1954	1955	1956	1958	 
Volume 5A	1954	1955	1956	1957	 
Volume 6	1907	1922	1949	1953	1954	1955	1956	1957	 
Volume 7	1907	1921	1953	1954	1956	 
Volume 8	1921	1953	1954	1957	 
Volume 9	1919	1942	1953	1954	1957	 
Volume 9A	1954	1957	 
Volume 10A	1943	1953	 
Volume 11	1919	1952	1955	1957	1960	 
Volume 12	1920	1930	1939	1944	1945	1952	1955	1960	 
Volume 13	1920	1938	1939	1942	1943	1953	1955	1959	 
Volume 14	1921	1930	1937	1940	1952	1953	1954	1955	1956	 
Volume 15	1920	1952	1955	1956	1957	 
Volume 16	1923	1944	1954	1955	1956	 
Volume 17	1923	1939	1940	1942	1953	1954	1955	1956	 
Volume 18	1923	1924	1930	1944	1948	1953	1954	1955	 
Volume 19	1921	1931	1932	1954	1956	1957	1959	1960	 
Volume 20	1939	1942	1944	1946	1953	1955	1961	 
Volume 21	1943	1945	1952	1953	1954	1955	1961	 
Volume 22	1941	1942	1943	1949	1953	1955	1961	 
Volume 23	1930	1941	1942	1943	1948	1952	1954	1960	 
Volume 23A	1949	1952	1955	1960	 
Volume 24	1943	1945	1947	1952	1955	 
Volume 25	1927	1930	1945	1946	1951	1952	1955	 
Volume 26	1930	1941	1952	1953	1954	1960	 
Volume 27	1930	1942	1945	1952	1953	1954	 
Volume 28	1928	1929	1930	1939	1941	1948	1952	1955	 
Volume 30	1930	1934	1940	1952	1953	1954	1955	1959	 
Volume 31	1929	1939	1933	1937	1952	1955	1960	 
Volume 32	1930	1953	1954	1955	1957	1959	1960	 
Volume 33	1929	1930	1942	1949	1953	 
Volume 34	1936	1951	1954	1955	 
Volume 35	1928	1930	1944	1949	1952	1953	1954	 
Volume 36	1929	1930	1932	1938	1952	1953	1954	1955	 
Volume 37	1950	1952	1954	1955	 
Volume 38	1930	1931	1937	1951	1954	1955	1961	 
Volume 39	1931	1952	1953	1954	1955	1961	 
Volume 40	1952	1953	1954	1955	 
Volume 42	1956